Deidentified_IDs	De_identified_lib_ID	Region	n_rounds	method	pool_name	n_pool	Nr._Sequenced_Read_Pairs	Nr._Reads_Into_Mapping	Nr._Mapped_Reads	Nr._Mapped_Reads_Post_Filter	Nr._Dedup._Mapped_Reads	Endogenous_DNA	Endogenous_DNA_Post	%_Dup._Mapped_Reads	5_Prime_C>T_1st_base	5_Prime_C>T_2nd_base	3_Prime_G>A_1st_base	3_Prime_G>A_2nd_base	Mean_Length_Mapped_Reads	Median_read_length	SNPs_Covered	SNPs_Covered_screen	Nr._Reads_Into_Mapping_SG	Nr._Mapped_Reads_SG	Nr._Dedup._Mapped_Reads_SG	SNPsPer1MSequencedReads	SNPsPer1MReadsToMapping	SNPsPer1MMappedReads	SNPsPer1MMappedFilteredReads	SNPsPer1MUniqueReads	SequencedBioEndoDNA	MappableBioEndoDNA	FilteredBioEndoDNA	UniqueBioEndoDNA	CostPerSNP	CostPerSample	MappableBioEndoDNA_SG	UniqueBioEndoDNA_SG	SNPsPer1MReadsToMapping_SG
TW001	TW001_NA_SG	SouthEastAsia	0	SG	NA	1	29840517	25088568	3791	2407	1784	0.02	0.01	0.26	0.13	0.04	0.12	0.04	47.48	39	32	7	2396157	16553	1262	1.07236748	1.27548133	8441.04458	13294.5575	17937.2197	0.0127042	0.01511047	0.00959401	0.00711081	6.64133278	212.522649	0.6908145	0.05266767	2.92134447
TW012	TW012_NA_SG	SouthEastAsia	0	SG	NA	1	36322494	29492746	8322	5749	3761	0.03	0.02	0.35	0.09	0.02	0.07	0.03	47.04	40	75	23	3325401	108610	1758	2.06483619	2.5429982	9012.25667	13045.7471	19941.5049	0.02291142	0.02821711	0.01949293	0.01275229	3.44915947	258.68696	3.26607227	0.0528658	6.9164591
TW017	TW017_NA_SG	EastIberia	0	SG	NA	1	15919953	14178515	5789	4386	3360	0.04	0.03	0.23	0.08	0.01	0.09	0.02	57.36	51	76	37	3663321	3661	1820	4.77388344	5.36022284	13128.3469	17327.8614	22619.0476	0.03636317	0.04082938	0.03093413	0.02369783	1.49185655	113.381098	0.09993664	0.0496817	10.100125
TW009	TW009_NA_SG	SouthEastAsia	0	SG	NA	1	18400277	14810725	15342	11092	8657	0.1	0.07	0.22	0.13	0.02	0.13	0.02	43.91	40	146	81	3254921	46686	5364	7.93466316	9.85772135	9516.36032	13162.6397	16864.9648	0.08337918	0.1035871	0.07489167	0.05845089	0.89757424	131.04584	1.43432053	0.16479663	24.8853966
TW011	TW011_NA_SG	EastIberia	0	SG	NA	1	94831277	79564407	118420	93511	72620	0.15	0.12	0.22	0.1	0.01	0.11	0.01	66.13	62	2037	144	3884577	11920	6568	21.4802549	25.6019001	17201.4862	21783.5335	28050.1239	0.12487441	0.1488354	0.11752868	0.09127197	0.33155795	675.383546	0.30685452	0.1690789	37.0696732
TW020	TW020_NA_SG	EastIberia	0	SG	NA	1	14755138	13835015	38984	32774	24951	0.28	0.24	0.24	0.08	0.01	0.08	0.01	82.87	77	964	185	4849943	13106	7719	65.3331741	69.6782765	24728.0936	29413.5595	38635.726	0.26420627	0.28177779	0.23689168	0.18034675	0.10900969	105.085345	0.27022998	0.15915651	38.1447782
TW008	TW008_NA_SG	CentralAmerica	0	SG	NA	1	15906422	12580401	40670	30814	23429	0.32	0.24	0.24	0.07	0.02	0.07	0.02	66.78	59	758	512	6166603	26243	16321	47.6537087	60.2524514	18637.8166	24599.2082	32353.0667	0.25568289	0.32328063	0.24493655	0.18623413	0.14945215	113.284731	0.42556656	0.2646676	83.0278842
TW003	TW003_NA_SG	EastIberia	0	SG	NA	1	19418546	15939837	54318	43836	33425	0.34	0.28	0.24	0.09	0.01	0.09	0.01	69.56	63	1062	379	4001719	21979	13821	54.6899855	66.6255245	19551.5299	24226.663	31772.6253	0.27972228	0.34076885	0.27500909	0.20969474	0.13022401	138.2979	0.54923896	0.34537657	94.7092987
TW012	TW012_HE4_TW1	SouthEastAsia	1	TW1	HE4	4	9784335	8768431	47088	10512	3896	0.54	0.12	0.63	0.08	0.03	0.07	0.03	40.51	34	208	23	3325401	108610	1758	21.2584708	23.7214617	4417.2613	19786.9102	53388.0903	0.48125907	0.5370174	0.11988462	0.04443212	0.57590643	119.788538	3.26607227	0.0528658	6.9164591
TW017	TW017_NA_TW1	EastIberia	1	TW1	NA	1	5628754	5540166	30409	11016	8408	0.55	0.2	0.24	0.1	0.02	0.1	0.01	55.81	53	1984	37	3663321	3661	1820	352.475877	358.112013	65243.8423	180101.67	235965.747	0.5402439	0.54888247	0.19883881	0.15176441	0.12122364	240.507701	0.09993664	0.0496817	10.100125
TW001	TW001_NA_TW1	SouthEastAsia	1	TW1	NA	1	9026463	8434454	46943	5465	3461	0.56	0.06	0.37	0.09	0.06	0.1	0.04	43.49	38	303	7	2396157	16553	1262	33.5679657	35.92408	6454.63647	55443.7328	87546.9517	0.52005974	0.5565624	0.06479376	0.04103407	0.8736172	264.706012	0.6908145	0.05266767	2.92134447
TW009	TW009_LE3_TW1	SouthEastAsia	1	TW1	LE3	2	12029117	11211737	62291	25717	18666	0.56	0.23	0.27	0.14	0.03	0.12	0.03	48.17	45	4216	81	3254921	46686	5364	350.482916	376.034507	67682.3297	163938.251	225865.209	0.51783518	0.55558742	0.2293757	0.16648625	0.04408936	185.880761	1.43432053	0.16479663	24.8853966
TW004	TW004_NA_SG	EastIberia	0	SG	NA	1	16361876	15259376	103803	81001	59961	0.68	0.53	0.26	0.14	0.02	0.14	0.02	62.02	60	1622	689	4437794	41250	25147	99.1328867	106.295303	15625.7526	20024.4441	27050.9164	0.63441992	0.68025717	0.53082774	0.39294529	0.07184245	116.528451	0.92951588	0.56665541	155.257319
TW019	TW019_NA_SG	CentralAmerica	0	SG	NA	1	18243006	15165733	103188	82048	61943	0.68	0.54	0.25	0.08	0.01	0.08	0.01	68.64	62	2068	507	3785427	25783	15850	113.358511	136.360043	20041.09	25204.7582	33385.5319	0.56563047	0.68040233	0.54100913	0.40844053	0.06282677	129.925764	0.68111206	0.41871102	133.934692
TW011	TW011_LE1_TW1	EastIberia	1	TW1	LE1	2	4919761	4795837	56837	36849	26386	1.19	0.77	0.28	0.12	0.02	0.13	0.02	58.57	57	6961	144	3884577	11920	6568	1414.90613	1451.46718	122473.037	188906.076	263814.144	1.1552797	1.18513202	0.76835389	0.5501855	0.01942943	135.248288	0.30685452	0.1690789	37.0696732
TW020	TW020_NA_TW1	EastIberia	1	TW1	NA	1	4935903	4806198	69540	44180	32581	1.45	0.92	0.26	0.09	0.01	0.09	0.01	62.91	61	7823	185	4849943	13106	7719	1584.91769	1627.68991	112496.405	177071.073	240109.266	1.40886075	1.44688171	0.91922971	0.6778955	0.0301129	235.573251	0.27022998	0.15915651	38.1447782
TW018	TW018_NA_SG	EastIberia	0	SG	NA	1	20531136	19113755	383525	290159	216499	2.01	1.52	0.25	0.13	0.01	0.13	0.02	58.84	57	5508	1201	3691250	91300	53893	268.275462	288.169436	14361.5149	18982.6957	25441.2261	1.86801646	2.00653927	1.51806382	1.13268691	0.02654715	146.221709	2.47341686	1.46002032	325.364037
TW003	TW003_LE2_TW1	EastIberia	1	TW1	LE2	2	11420717	11276502	237504	188005	139411	2.11	1.67	0.26	0.12	0.02	0.12	0.02	70.27	67	42778	379	4001719	21979	13821	3745.64924	3793.55229	180114.861	227536.502	306848.097	2.07958922	2.10618506	1.66722801	1.2362965	0.00424395	181.547767	0.54923896	0.34537657	94.7092987
TW008	TW008_LE1_TW1	CentralAmerica	1	TW1	LE1	2	7885142	7418881	172684	128911	83011	2.33	1.74	0.36	0.1	0.02	0.09	0.03	73.95	69	21507	512	6166603	26243	16321	2727.5349	2898.95471	124545.412	166836.034	259086.145	2.18999227	2.32762865	1.73760706	1.11891537	0.00727054	156.367581	0.42556656	0.2646676	83.0278842
TW024	TW024_NA_SG	SouthEastAsia	0	SG	NA	1	81013927	69209748	1988997	1563612	1145882	2.87	2.26	0.27	0.11	0.02	0.11	0.02	60.12	54	31284	2319	3268820	110827	106732	386.155827	452.017251	15728.5305	20007.521	27301.2404	2.45512972	2.87386829	2.25923666	1.65566562	0.0184432	576.97708	3.39042835	3.26515379	709.430314
TW010	TW010_NA_SG	WestIberia	0	SG	NA	1	19712763	18229654	600185	471260	338349	3.29	2.59	0.28	0.12	0.02	0.12	0.02	60.11	55	10078	8108	14306814	444923	297359	511.242386	552.835506	16791.4893	21385.2226	29785.8129	3.04465183	3.29235541	2.5851286	1.85603632	0.01393067	140.393298	3.10986779	2.07844318	566.722962
TW012	TW012_HE4_TW2	SouthEastAsia	2	TW2	HE4	4	4779180	4244760	139616	31320	3671	3.29	0.74	0.88	0.06	0.03	0.06	0.03	39.9	33	312	23	3325401	108610	1758	65.2831657	73.5023888	2234.70089	9961.68582	84990.4658	2.92133797	3.28913767	0.7378509	0.0864831	0.43027909	134.247078	3.26607227	0.0528658	6.9164591
TW009	TW009_LE3_TW2	SouthEastAsia	2	TW2	LE3	2	5070674	4679432	182606	81688	34978	3.9	1.75	0.57	0.13	0.03	0.12	0.03	45.42	42	11958	81	3254921	46686	5364	2358.26638	2555.43835	65485.2524	146386.25	341872.034	3.60121751	3.90231122	1.74568195	0.74748388	0.01978032	236.533083	1.43432053	0.16479663	24.8853966
TW022	TW022_NA_SG	WestIberia	0	SG	NA	1	17402783	15404509	612632	485657	359750	3.98	3.15	0.26	0.11	0.01	0.12	0.01	63.39	57	11433	7810	12636376	422892	286705	656.963889	742.185291	18662.1006	23541.3059	31780.4031	3.52031052	3.97696545	3.1526938	2.33535519	0.0108407	123.941738	3.34662406	2.26888627	618.056949
TW004	TW004_LE3_TW1	EastIberia	1	TW1	LE3	2	5963756	5899187	277737	161806	120493	4.71	2.74	0.26	0.18	0.02	0.17	0.02	61.67	60.5	36451	689	4437794	41250	25147	6112.08775	6178.98704	131242.866	225275.948	302515.499	4.65708188	4.70805553	2.74285253	2.04253569	0.00391439	142.683568	0.92951588	0.56665541	155.257319
TW005	TW005_NA_SG	SouthEastAsia	0	SG	NA	1	36185395	30492009	1491687	1157083	732042	4.89	3.79	0.37	0.16	0.02	0.16	0.02	63.18	57	22021	3621	2418502	296153	218984	608.560443	722.189214	14762.4803	19031.4783	30081.6073	4.12234549	4.89205877	3.79470897	2.40076671	0.01170294	257.710548	12.2453072	9.05453045	1497.20778
TW001	TW001_NA_TW2	SouthEastAsia	2	TW2	NA	1	7962060	7412600	367929	37821	9363	4.96	0.51	0.75	0.09	0.04	0.09	0.04	40.95	36	1009	7	2396157	16553	1262	126.725998	136.11958	2742.37693	26678.3004	107764.605	4.62102772	4.96356204	0.51022583	0.12631196	0.45346421	457.545388	0.6908145	0.05266767	2.92134447
TW007	TW007_NA_SG	EastIberia	0	SG	NA	1	18411948	16218730	876978	712468	539633	5.41	4.39	0.24	0.09	0.01	0.09	0.01	69.76	64	17374	2343	2505336	136563	87390	943.626389	1071.23061	19811.2153	24385.6566	32195.9554	4.76309188	5.40719279	4.3928717	3.32722106	0.00754742	131.12896	5.45088563	3.48815488	935.203901
TW019	TW019_LE2_TW1	CentralAmerica	1	TW1	LE2	2	9786158	9363572	517382	372554	272353	5.53	3.98	0.27	0.1	0.02	0.1	0.02	73.67	70	77665	507	3785427	25783	15850	7936.20949	8294.3774	150111.523	208466.424	285163.005	5.28687561	5.52547682	3.97875939	2.90864427	0.00218768	169.906521	0.68111206	0.41871102	133.934692
TW017	TW017_NA_TW2	EastIberia	2	TW2	NA	1	4722533	4646734	271875	77362	46353	5.85	1.66	0.4	0.1	0.03	0.11	0.02	55.46	52	17861	37	3663321	3661	1820	3782.08051	3843.775	65695.6322	230875.624	385325.653	5.75697406	5.85088365	1.66486827	0.99753935	0.02432527	434.473641	0.09993664	0.0496817	10.100125
TW011	TW011_LE1_TW2	EastIberia	2	TW2	LE1	2	5113178	4979409	348682	238220	122397	7	4.78	0.49	0.12	0.02	0.12	0.02	57.95	56	53308	144	3884577	11920	6568	10425.6101	10705.6882	152884.29	223776.341	435533.551	6.81928147	7.0024776	4.78410189	2.45806279	0.00444278	236.835794	0.30685452	0.1690789	37.0696732
TW020	TW020_NA_TW2	EastIberia	2	TW2	NA	1	7879697	7692489	591597	367696	215289	7.69	4.78	0.41	0.09	0.02	0.09	0.02	63.35	61	84352	185	4849943	13106	7719	10704.9802	10965.5015	142583.549	229406.901	391808.221	7.50786483	7.69057973	4.77993534	2.79869103	0.00541728	456.958802	0.27022998	0.15915651	38.1447782
TW021	TW021_NA_SG	WestIberia	0	SG	NA	1	30120770	25675350	2406898	1523436	1163334	9.37	5.93	0.24	0.21	0.02	0.21	0.02	50	46	30084	16260	10460005	1151975	641883	998.779248	1171.70749	12499.0756	19747.4656	25860.1571	7.99082494	9.37435322	5.93345758	4.53093726	0.00713065	214.518597	11.0131401	6.13654582	1554.49256
TW023	TW023_NA_SG	WestIberia	0	SG	NA	1	16430049	13959571	1321504	869304	671246	9.47	6.23	0.23	0.23	0.02	0.23	0.02	46.86	44	15677	19450	10538386	1459215	847033	954.166357	1123.02878	11862.9985	18033.9674	23355.074	8.04321399	9.46665195	6.22729739	4.8085002	0.00746405	117.013976	13.8466649	8.03759703	1845.63367
TW024	TW024_NA_TW1	SouthEastAsia	1	TW1	NA	1	28457319	27260394	3207302	2602981	1664448	11.77	9.55	0.36	0.14	0.02	0.14	0.02	73.93	70	346521	2319	3268820	110827	106732	12176.8674	12711.5184	108041.276	133124.675	208189.742	11.2705698	11.7654279	9.54858173	6.10573714	0.00116325	403.091583	3.39042835	3.26515379	709.430314
TW002	TW002_NA_SG	WestIberia	0	SG	NA	1	15159065	13003107	1536179	1202131	896857	11.81	9.24	0.25	0.13	0.01	0.14	0.01	54.45	49	24167	26796	13056808	1466342	1008036	1594.22761	1858.55581	15731.8906	20103.4663	26946.3248	10.1337319	11.813938	9.24495199	6.89725156	0.00446734	107.962092	11.2304784	7.72038618	2052.2627
TW013	TW013_NA_SG	WestIberia	0	SG	NA	1	32939663	27290399	3578539	2767391	2043061	13.11	10.14	0.26	0.17	0.02	0.16	0.02	50.44	47	48837	57169	14279978	3841990	2538422	1482.6199	1789.53045	13647.1895	17647.3075	23903.8384	10.8639211	13.112813	10.1405296	7.48637277	0.00480362	234.594609	26.9047333	17.7760918	4003.43754
TW003	TW003_LE2_TW2	EastIberia	2	TW2	LE2	2	7322550	7232309	980090	835596	412289	13.55	11.55	0.51	0.12	0.01	0.12	0.02	69.78	66	195949	379	4001719	21979	13821	26759.6671	27093.5603	199929.598	234502.08	475270.987	13.384545	13.5515504	11.5536546	5.70065521	0.00128896	252.57083	0.54923896	0.34537657	94.7092987
TW018	TW018_HE4_TW1	EastIberia	1	TW1	HE4	4	12173455	11863240	1714683	772694	558648	14.45	6.51	0.28	0.15	0.02	0.15	0.02	56.81	56	147458	1201	3691250	91300	53893	12113.0772	12429.8252	85997.2368	190836.217	263955.12	14.085426	14.4537496	6.51334711	4.70906767	0.00092775	136.803729	2.47341686	1.46002032	325.364037
TW008	TW008_LE1_TW2	CentralAmerica	2	TW2	LE1	2	8018268	7615894	1118947	867959	190885	14.69	11.4	0.78	0.1	0.03	0.09	0.03	72.14	66	71799	512	6166603	26243	16321	8954.42756	9427.52092	64166.578	82721.6493	376137.465	13.9549713	14.6922607	11.3966791	2.50640306	0.00358676	257.525698	0.42556656	0.2646676	83.0278842
TW010	TW010_HE4_TW1	WestIberia	1	TW1	HE4	4	4999574	4776362	839211	584584	423850	17.57	12.24	0.28	0.15	0.02	0.15	0.02	59.19	56	112965	8108	14306814	444923	297359	22594.9251	23650.8456	134608.579	193239.979	266521.175	16.7856501	17.5700879	12.2391058	8.87390864	0.00075875	85.7117125	3.10986779	2.07844318	566.722962
TW022	TW022_HE4_TW1	WestIberia	1	TW1	HE4	4	12027986	11368398	2230530	1525002	1121686	19.62	13.41	0.26	0.15	0.02	0.14	0.02	66.03	62	277968	7810	12636376	422892	286705	23110.1034	24450.9385	124619.709	182273.859	247812.668	18.5445011	19.6204426	13.4143966	9.86670241	0.00048843	135.767706	3.34662406	2.26888627	618.056949
TW007	TW007_NA_TW1	EastIberia	1	TW1	NA	1	10190759	9944542	2037924	1566591	1118041	20.49	15.75	0.29	0.12	0.02	0.12	0.02	65.44	63	249716	2343	2505336	136563	87390	24504.1611	25110.8598	122534.501	159400.89	223351.38	19.9977646	20.4928895	15.7532745	11.2427601	0.00109323	272.998069	5.45088563	3.48815488	935.203901
TW004	TW004_LE3_TW2	EastIberia	2	TW2	LE3	2	3218913	3173855	721163	452100	279582	22.72	14.24	0.38	0.17	0.02	0.16	0.02	59.78	58	122640	689	4437794	41250	25147	38099.8182	38640.7066	170058.641	271267.419	438654.849	22.4039295	22.7219895	14.2445071	8.80890904	0.00182114	223.344935	0.92951588	0.56665541	155.257319
TW019	TW019_LE2_TW2	CentralAmerica	2	TW2	LE2	2	8985941	8602185	2373716	1780872	821165	27.59	20.7	0.54	0.1	0.02	0.1	0.02	71.04	66	322197	507	3785427	25783	15850	35855.6772	37455.2512	135735.278	180920.92	392365.724	26.4158868	27.594338	20.7025541	9.54600488	0.00082067	264.417416	0.68111206	0.41871102	133.934692
TW005	TW005_HE5_TW1	SouthEastAsia	1	TW1	HE5	4	6493187	5822279	1880167	1035100	480326	32.29	17.78	0.54	0.17	0.03	0.17	0.03	51.82	48	83254	3621	2418502	296153	218984	12821.7469	14299.2117	44280.1092	80430.8762	173328.115	28.9559965	32.2926297	17.7782617	8.24979359	0.00115729	96.3491485	12.2453072	9.05453045	1497.20778
TW023	TW023_HE5_TW1	WestIberia	1	TW1	HE5	4	6448197	5961074	1986928	1128656	875903	33.33	18.93	0.22	0.3	0.03	0.29	0.03	49.68	47	185096	19450	10538386	1459215	847033	28705.0783	31050.7804	93156.8733	163996.825	211320.203	30.8136988	33.3317117	18.9337693	14.6937112	0.00051881	96.028732	13.8466649	8.03759703	1845.63367
TW021	TW021_HE5_TW1	WestIberia	1	TW1	HE5	4	7583713	7030230	2442593	1447517	1104478	34.74	20.59	0.24	0.27	0.03	0.26	0.03	54.73	52	234003	16260	10460005	1151975	641883	30855.9936	33285.2552	95801.0606	161658.205	211867.507	32.208405	34.7441407	20.5898954	15.7104106	0.00044493	104.115819	11.0131401	6.13654582	1554.49256
TW014	TW014_NA_SG	WestIberia	0	SG	NA	1	12247140	9999039	3930283	3077930	2313363	39.31	30.78	0.25	0.12	0.01	0.12	0.01	64.96	58	71863	82880	10058637	4006190	2788718	5867.73728	7186.99067	18284.434	23347.8344	31064.299	32.0914352	39.3066074	30.7822582	23.1358534	0.00121375	87.22351	39.8283585	27.7246112	8239.68496
TW002	TW002_HE5_TW1	WestIberia	1	TW1	HE5	4	8630134	8203094	3333231	2545509	1834100	40.63	31.03	0.28	0.16	0.02	0.17	0.02	64.23	60	420351	26796	13056808	1466342	1008036	48707.3549	51242.9822	126109.172	165134.36	229186.522	38.6231662	40.6338267	31.0310841	22.3586369	0.00026542	111.568377	11.2304784	7.72038618	2052.2627
TW016	TW016_NA_SG	WestIberia	0	SG	NA	1	16694037	14033403	5844991	4620356	3450195	41.65	32.92	0.25	0.1	0.01	0.09	0.01	63.13	55	99117	42248	5974546	2386521	1610890	5937.2697	7062.93406	16957.5967	21452.2431	28727.9415	35.0124479	41.6505605	32.9239886	24.5855905	0.00119953	118.894085	39.9448092	26.9625508	7071.33228
TW006	TW006_NA_SG	CentralAmerica	0	SG	NA	1	1455486	1193268	522445	437278	201910	43.78	36.65	0.54	0.02	0.01	0.05	0.01	91.44	84	8414	48245	4944927	1896522	1283035	5780.88693	7051.22403	16105.0446	19241.7638	41672.0321	35.8948832	43.7827043	36.6454141	16.9207588	0.00123198	10.3658975	38.3528817	25.9464902	9756.46354
TW013	TW013_NA_TW1	WestIberia	1	TW1	NA	1	8644611	7618390	3350435	2169483	1532090	43.98	28.48	0.29	0.21	0.03	0.2	0.03	48.42	46	248622	57169	14279978	3841990	2538422	28760.3456	32634.4543	74205.8867	114599.653	162276.368	38.7574987	43.9782552	28.4769223	20.110417	0.00105375	261.986481	26.9047333	17.7760918	4003.43754
TW018	TW018_HE4_TW2	EastIberia	2	TW2	HE4	4	9874169	9601795	4284561	2367347	1249335	44.62	24.66	0.47	0.15	0.02	0.15	0.02	56.69	55	427952	1201	3691250	91300	53893	43340.5586	44569.9997	99882.345	180772.823	342543.833	43.391611	44.6225003	24.6552546	13.0114734	0.00039849	170.533331	2.47341686	1.46002032	325.364037
TW024	TW024_NA_TW2	SouthEastAsia	2	TW2	NA	1	9197066	8919483	4001916	3462732	1333984	44.87	38.82	0.62	0.14	0.02	0.14	0.02	72.71	68	472160	2319	3268820	110827	106732	51338.1115	52935.8036	117983.486	136354.763	353947.274	43.5129638	44.8671296	38.8221156	14.9558444	0.00098768	466.341038	3.39042835	3.26515379	709.430314
TW015	TW015_NA_SG	WestIberia	0	SG	NA	1	13913245	12521636	5866758	4308726	3201138	46.85	34.41	0.26	0.09	0.01	0.09	0.01	68.58	61	104818	82514	10373521	4577332	2832523	7533.68463	8370.95089	17866.4264	24326.9124	32743.9804	42.1667124	46.8529671	34.410248	25.5648543	0.00094535	99.0894253	44.1251529	27.305319	7954.29054
TW022	TW022_HE4_TW2	WestIberia	2	TW2	HE4	4	13415352	12826132	6352477	4817121	2489945	49.53	37.56	0.48	0.15	0.02	0.15	0.02	65.7	60	684999	7810	12636376	422892	286705	51060.8294	53406.5141	107831.795	142200.912	275106.077	47.3522946	49.5276128	37.5570827	19.4130623	0.00028577	195.753457	3.34662406	2.26888627	618.056949
TW010	TW010_HE4_TW2	WestIberia	2	TW2	HE4	4	4887960	4689371	2329089	1787672	1065426	49.67	38.12	0.4	0.15	0.02	0.15	0.02	58.52	55	356280	8108	14306814	444923	297359	72889.3035	75976.0744	152969.68	199298.305	334401.451	47.6495102	49.6674074	38.1217865	22.7200194	0.00037898	135.021803	3.10986779	2.07844318	566.722962
TW007	TW007_NA_TW2	EastIberia	2	TW2	NA	1	6824521	6698979	3883602	3244783	1784498	57.97	48.44	0.45	0.12	0.02	0.12	0.02	65.9	63	563888	2343	2505336	136563	87390	82626.7514	84175.2154	145197.165	173782.962	315992.509	56.9065873	57.9730434	48.4369782	26.6383579	0.00079704	449.443892	5.45088563	3.48815488	935.203901
TW023	TW023_HE5_TW2	WestIberia	2	TW2	HE5	4	6579371	5987812	3978662	2765279	1667928	66.45	46.18	0.4	0.3	0.03	0.28	0.03	48.12	45	442738	19450	10538386	1459215	847033	67291.8429	73939.8632	111278.113	160106.087	265441.914	60.4717685	66.4460073	46.181794	27.8553836	0.00033218	147.067947	13.8466649	8.03759703	1845.63367
TW005	TW005_HE5_TW2	SouthEastAsia	2	TW2	HE5	4	7282876	6505622	4343598	2621629	371181	66.77	40.3	0.86	0.17	0.03	0.17	0.03	52.72	49	112592	3621	2418502	296153	218984	15459.8266	17306.877	25921.3675	42947.343	303334.492	59.6412461	66.7668364	40.2978993	5.70554207	0.0013507	152.078274	12.2453072	9.05453045	1497.20778
TW021	TW021_HE5_TW2	WestIberia	2	TW2	HE5	4	7880263	7207418	4856946	3359996	2215962	67.39	46.62	0.34	0.27	0.03	0.26	0.03	53.31	50	543388	16260	10460005	1151975	641883	68955.5666	75392.8799	111878.534	161722.812	245215.396	61.6343135	67.3881548	46.618581	30.7455735	0.0002877	156.332833	11.0131401	6.13654582	1554.49256
TW002	TW002_HE5_TW2	WestIberia	2	TW2	HE5	4	10670199	10255992	7431780	6095599	3177509	72.46	59.43	0.48	0.17	0.02	0.17	0.02	62.48	58	790454	26796	13056808	1466342	1008036	74080.5303	77072.408	106361.329	129676.181	248765.306	69.6498725	72.46281	59.434514	30.9819762	0.00022291	176.202616	11.2304784	7.72038618	2052.2627
TW014	TW014_HE6_TW1	WestIberia	1	TW1	HE6	4	9514156	9005262	6723167	5371557	3765894	74.66	59.65	0.3	0.16	0.02	0.15	0.02	76.57	72	682416	82880	10058637	4006190	2788718	71726.3833	75779.6941	101502.164	127042.494	181209.561	70.6648808	74.6582054	59.6490918	41.8188166	0.00017272	117.864337	39.8283585	27.7246112	8239.68496
TW013	TW013_NA_TW2	WestIberia	2	TW2	NA	1	4397685	4016700	3049336	2155420	1017944	75.92	53.66	0.53	0.21	0.03	0.2	0.03	49.17	46	321335	57169	14279978	3841990	2538422	73069.1261	79999.751	105378.679	149082.313	315670.607	69.339573	75.9164488	53.6614634	25.3427938	0.00134489	432.16009	26.9047333	17.7760918	4003.43754
TW006	TW006_HE6_TW1	CentralAmerica	1	TW1	HE6	4	9599480	9136537	6947218	5325068	3752937	76.04	58.28	0.3	0.05	0.01	0.05	0.01	80.13	74	670781	48245	4944927	1896522	1283035	69876.8058	73417.4228	96553.9011	125966.654	178734.948	72.3707743	76.0377592	58.2832204	41.076143	0.00017662	118.47201	38.3528817	25.9464902	9756.46354
TW016	TW016_HE6_TW1	WestIberia	1	TW1	HE6	4	4455514	4241252	3245432	2323999	1771516	76.52	54.8	0.24	0.12	0.02	0.12	0.02	64.5	60	394105	42248	5974546	2386521	1610890	88453.3187	92921.8542	121433.757	169580.538	222467.649	72.8407991	76.5206123	54.7951171	41.7687041	0.00020765	81.8369448	39.9448092	26.9625508	7071.33228
TW015	TW015_HE6_TW1	WestIberia	1	TW1	HE6	4	7870204	7510203	5960778	4333570	3207233	79.37	57.7	0.26	0.12	0.02	0.12	0.02	70.26	66	607358	82514	10373521	4577332	2832523	77171.8243	80871.0497	101892.404	140151.884	189371.337	75.738545	79.3690663	57.7024349	42.7050108	0.00017478	106.156194	44.1251529	27.305319	7954.29054
TW006	TW006_HE6_TW2	CentralAmerica	2	TW2	HE6	4	14780038	14136256	12748694	10796764	5714207	90.18	76.38	0.47	0.05	0.01	0.05	0.01	82.04	75	997167	48245	4944927	1896522	1283035	67467.1472	70539.6818	78217.1884	92357.951	174506.629	86.2561652	90.1843741	76.376404	40.4223509	0.00020606	205.472681	38.3528817	25.9464902	9756.46354
TW014	TW014_HE6_TW2	WestIberia	2	TW2	HE6	4	14152650	13469795	12244058	10639292	4419361	90.9	78.99	0.59	0.16	0.02	0.15	0.02	75.1	69	970058	82880	10058637	4006190	2788718	68542.4991	72017.2801	79226.838	91176.9317	219501.869	86.5142429	90.9001065	78.9862949	32.8094154	0.00020721	201.004456	39.8283585	27.7246112	8239.68496
TW015	TW015_HE6_TW2	WestIberia	2	TW2	HE6	4	12284818	11652450	10704236	8797757	5019729	91.86	75.5	0.43	0.12	0.02	0.12	0.01	69.61	65	941067	82514	10373521	4577332	2832523	76604.0653	80761.2991	87915.3823	106966.696	187473.666	87.133859	91.8625353	75.5013495	43.0787431	0.00019946	187.701851	44.1251529	27.305319	7954.29054
TW016	TW016_HE6_TW2	WestIberia	2	TW2	HE6	4	6821788	6558439	6043446	4872337	2903397	92.15	74.29	0.4	0.12	0.02	0.12	0.02	64.04	59	733755	42248	5974546	2386521	1610890	107560.511	111879.519	121413.346	150596.11	252722.931	88.590352	92.1476284	74.291108	44.2696349	0.00020278	148.794428	39.9448092	26.9625508	7071.33228
